{
  "meta": {
    "run_at": "2026-05-22T21:26:25.425551+00:00",
    "data_file": "/Users/francis/Defi_interestRate/results/returns/DAI_WETH_daily_log_returns.csv",
    "asset1": "DAI",
    "asset2": "WETH",
    "n_obs": 673,
    "dt_years": 0.0027397260273972603,
    "freq_label": "provided",
    "ewm_span": null,
    "n_starts": 30,
    "seed": 0
  },
  "params": {
    "mu1": 0.0067623629589336695,
    "sigma1": 0.04960124255483418,
    "lam1": 58.99449209078583,
    "p1": 0.47115784755850887,
    "eta1_pos": 0.006071030992066591,
    "eta1_neg": 0.005537786763134857,
    "mu2": 1.8740946465051351,
    "sigma2": 0.7408579443073284,
    "lam2": 44.00490568223563,
    "p2": 0.5432628139860104,
    "eta2_pos": 0.06668301343767032,
    "eta2_neg": 0.09099380050972847,
    "rho": 0.015268549357571862,
    "jump_compensator1": -0.0008111100195224586,
    "jump_compensator2": 0.3061514058407496,
    "muX1": 0.007573472978456128,
    "muX2": 1.5679432406643854
  },
  "init_params": {
    "mu1": 0.0020903328592078085,
    "sigma1": 0.05446961333744429,
    "lam1": 58.929277368221655,
    "p1": 0.5172413793103449,
    "eta1_pos": 0.010619901890771366,
    "eta1_neg": 0.012614506438171856,
    "mu2": 2.3898591700310012,
    "sigma2": 0.808798269395163,
    "lam2": 43.96367967019825,
    "p2": 0.2,
    "eta2_pos": 0.19131515321545697,
    "eta2_neg": 0.16676844641079033,
    "rho": 0.06904498688810422,
    "jump_compensator1": -0.025735068377346945,
    "jump_compensator2": -2.619825633127734,
    "muX1": 0.027825401236554755,
    "muX2": 5.009684803158735
  },
  "objective": 0.0006329315775427279,
  "objective_by_group": {
    "joint_pm": 0.0008679252809939929,
    "joint_pp": 0.0017046120870674798,
    "jump_tail": 0.0013700453118418846,
    "marginal_1": 0.00032974936870917246,
    "marginal_2": 0.00035197579245951097,
    "spread": 0.00022714393186667298,
    "total": 0.0006328264847525315
  },
  "success": true,
  "message": "CONVERGENCE: RELATIVE REDUCTION OF F <= FACTR*EPSMCH",
  "n_iter": 247,
  "best_start_index": 15,
  "starts_objectives": [
    0.0006329315783880162,
    0.0007071564692436531,
    0.0007071564719368569,
    0.0007071564710271861,
    0.000632931578311878,
    0.000632931577628228,
    0.0006329315785280116,
    0.0006329315781529797,
    0.0006329315781183754,
    0.0006329315780051054,
    0.0006329315776940532,
    0.0006329315781875501,
    0.0006329315775719408,
    0.0006329315782294861,
    0.0006329315775603107,
    0.0006329315775427279,
    0.0006329315775815068,
    0.0007071564702114079,
    0.0006329315776701472,
    0.0006329315783949988,
    0.0006329315783135685,
    0.0006329315776563524,
    0.0006329315788585172,
    0.0006329315777430329,
    0.0006329315777176231,
    0.0006329315786300395,
    0.0006329315778034161,
    0.0006329315778056051,
    0.0006329315777587448,
    0.0006329315777177126
  ],
  "scale_info": {
    "s1": 0.002793435425581839,
    "s2": 0.040119085911413714,
    "sz": 0.04017355221214114
  }
}