asset,mu,sigma,lambda,delta,eta,n_obs
DAI,0.0198584674600392,0.0678090250010458,1.0,0.0,0.5,673
WETH,0.5,0.9017178950543432,1.0,0.0,0.5,673
